<?xml version="1.0" ?>
<autokomis>
  <samochod>
    <!--samochód uszkodzony - lewy tylny reflektor-->
    <id>sam1</id>
    <marka>Subaru</marka>
    <model>Impreza</model>
    <pojemnosc>2.0</pojemnosc>
    <cena>89000</cena>
    <rocznik>1999</rocznik>
    <wyposazenie_dod>
      <kolor>czarna perła</kolor>
      <klima>MD4456353</klima>
      <poduszki>4</poduszki>
    </wyposazenie_dod>
  </samochod>
  <samochod>
    <id>sam2</id>
    <marka>Subaru</marka>
    <model>Outback</model>
    <pojemnosc>3.6</pojemnosc>
    <cena>112000</cena>
    <rocznik>2014</rocznik>
    <wyposazenie_dod>
      <kolor>czarwony metallic</kolor>
      <klima>GE34553434S</klima>
    </wyposazenie_dod>
  </samochod>
</autokomis>
